{"cameraMode":{"drawMode":0,"name":"Shaded","section":"Shading Mode"},"sceneLighting":true,"audioPlay":false,"sceneViewState":{"m_AlwaysRefresh":false,"showFog":true,"showSkybox":true,"showFlares":true,"showImageEffects":true,"showParticleSystems":true,"showVisualEffectGraphs":true,"m_FxEnabled":true},"in2DMode":false,"pivot":{"x":-22.07787322998047,"y":12.284235000610352,"z":-25.655223846435548},"rotation":{"x":0.43613430857658389,"y":0.25918787717819216,"z":-0.13276459276676179,"w":0.8514678478240967},"size":50.27531814575195,"orthographic":false}